<?xml version="1.0" encoding="utf-8"?>
<transactions date="2014-10-14T14:21:21+00:00"><transaction isodate="2014-07-24T07:27:31+00:00"><userid>25</userid><transactionid>79</transactionid><item><itemid>70</itemid><profile>7</profile><price>39.00</price><quantity>1</quantity></item></transaction> 
<transaction isodate="2014-07-24T13:52:17+00:00"><userid>25</userid><transactionid>80</transactionid><item><itemid>70</itemid><profile>7</profile><price>39.00</price><quantity>1</quantity></item></transaction> 
<transaction isodate="2014-07-24T13:56:57+00:00"><userid>21</userid><transactionid>81</transactionid><item><itemid>70</itemid><profile>7</profile><price>39.00</price><quantity>1</quantity></item></transaction> 
<transaction isodate="2014-07-29T15:42:43+00:00"><userid>19</userid><transactionid>82</transactionid><item><itemid>70</itemid><profile>7</profile><price>31.20</price><quantity>2</quantity></item></transaction> 
<transaction isodate="2014-07-29T15:43:59+00:00"><userid>19</userid><transactionid>83</transactionid><item><itemid>70</itemid><profile>7</profile><price>31.20</price><quantity>5</quantity></item></transaction> 
<transaction isodate="2014-07-29T15:52:58+00:00"><userid>19</userid><transactionid>84</transactionid><item><itemid>70</itemid><profile>7</profile><price>12.00</price><quantity>1</quantity></item></transaction> 
<transaction isodate="2014-07-29T15:57:27+00:00"><userid>19</userid><transactionid>85</transactionid><item><itemid>71</itemid><profile>7</profile><price>39.00</price><quantity>2</quantity></item></transaction> 
<transaction isodate="2014-07-29T15:58:14+00:00"><userid>19</userid><transactionid>86</transactionid><item><itemid>70</itemid><profile>7</profile><price>36.00</price><quantity>1</quantity></item></transaction> 
<transaction isodate="2014-07-29T15:58:42+00:00"><userid>19</userid><transactionid>87</transactionid><item><itemid>70</itemid><profile>7</profile><price>31.20</price><quantity>5</quantity></item></transaction> 
<transaction isodate="2014-07-29T16:03:20+00:00"><userid>19</userid><transactionid>88</transactionid><item><itemid>70</itemid><profile>7</profile><price>31.20</price><quantity>1</quantity></item></transaction> 
<transaction isodate="2014-07-29T16:08:44+00:00"><userid>19</userid><transactionid>89</transactionid><item><itemid>71</itemid><profile>7</profile><price>48.00</price><quantity>1</quantity></item></transaction> 
<transaction isodate="2014-07-30T08:49:34+00:00"><userid>21</userid><transactionid>90</transactionid><item><itemid>70</itemid><profile>7</profile><price>31.20</price><quantity>1</quantity></item></transaction> 
<transaction isodate="2014-07-30T08:53:29+00:00"><userid>21</userid><transactionid>91</transactionid><item><itemid>70</itemid><profile>7</profile><price>31.20</price><quantity>1</quantity></item></transaction> 
<transaction isodate="2014-07-30T09:20:42+00:00"><userid>25</userid><transactionid>93</transactionid><item><itemid>70</itemid><profile>7</profile><price>31.20</price><quantity>5</quantity></item></transaction> 
<transaction isodate="2014-07-30T09:25:57+00:00"><userid>25</userid><transactionid>94</transactionid><item><itemid>70</itemid><profile>7</profile><price>31.20</price><quantity>2</quantity></item></transaction> 
<transaction isodate="2014-07-30T09:27:50+00:00"><userid>25</userid><transactionid>95</transactionid><item><itemid>70</itemid><profile>7</profile><price>31.20</price><quantity>6</quantity></item></transaction> 
<transaction isodate="2014-07-30T09:30:07+00:00"><userid>21</userid><transactionid>92</transactionid><item><itemid>70</itemid><profile>7</profile><price>31.20</price><quantity>1</quantity></item></transaction> 
<transaction isodate="2014-07-30T09:36:30+00:00"><userid>21</userid><transactionid>96</transactionid><item><itemid>70</itemid><profile>7</profile><price>31.20</price><quantity>1</quantity></item></transaction> 
<transaction isodate="2014-07-30T09:41:15+00:00"><userid>25</userid><transactionid>97</transactionid><item><itemid>70</itemid><profile>7</profile><price>31.20</price><quantity>1</quantity></item></transaction> 
<transaction isodate="2014-07-30T09:53:02+00:00"><userid>21</userid><transactionid>98</transactionid><item><itemid>70</itemid><profile>7</profile><price>31.20</price><quantity>1</quantity></item></transaction> 
<transaction isodate="2014-07-31T08:08:04+00:00"><userid>27</userid><transactionid>99</transactionid><item><itemid>71</itemid><profile>7</profile><price>39.00</price><quantity>2</quantity></item></transaction> 
<transaction isodate="2014-07-31T08:08:42+00:00"><userid>27</userid><transactionid>100</transactionid><item><itemid>70</itemid><profile>7</profile><price>31.20</price><quantity>1</quantity></item></transaction> 
<transaction isodate="2014-07-31T08:11:12+00:00"><userid>27</userid><transactionid>101</transactionid><item><itemid>71</itemid><profile>7</profile><price>39.00</price><quantity>3</quantity></item></transaction> 
<transaction isodate="2014-07-31T08:12:36+00:00"><userid>27</userid><transactionid>102</transactionid><item><itemid>70</itemid><profile>7</profile><price>31.20</price><quantity>1</quantity></item></transaction> 
<transaction isodate="2014-07-31T08:13:26+00:00"><userid>27</userid><transactionid>103</transactionid><item><itemid>71</itemid><profile>7</profile><price>39.00</price><quantity>3</quantity></item></transaction> 
<transaction isodate="2014-07-31T08:15:27+00:00"><userid>27</userid><transactionid>104</transactionid><item><itemid>70</itemid><profile>7</profile><price>31.20</price><quantity>5</quantity></item></transaction> 
<transaction isodate="2014-07-31T12:32:16+00:00"><userid>19</userid><transactionid>105</transactionid><item><itemid>70</itemid><profile>7</profile><price>96.00</price><quantity>1</quantity></item></transaction> 
<transaction isodate="2014-08-01T09:54:07+00:00"><userid>21</userid><transactionid>106</transactionid><item><itemid>71</itemid><profile>7</profile><price>39.00</price><quantity>1</quantity></item></transaction> 
<transaction isodate="2014-08-22T13:35:46+00:00"><userid>30</userid><transactionid>107</transactionid><item><itemid>70</itemid><profile>7</profile><price>31.20</price><quantity>2</quantity></item></transaction> 
<transaction isodate="2014-08-22T13:38:50+00:00"><userid>30</userid><transactionid>108</transactionid><item><itemid>71</itemid><profile>7</profile><price>39.00</price><quantity>1</quantity></item></transaction> 
<transaction isodate="2014-08-22T13:47:17+00:00"><userid>31</userid><transactionid>109</transactionid><item><itemid>70</itemid><profile>7</profile><price>31.20</price><quantity>4</quantity></item></transaction> 
<transaction isodate="2014-08-22T13:47:48+00:00"><userid>31</userid><transactionid>110</transactionid><item><itemid>71</itemid><profile>7</profile><price>39.00</price><quantity>1</quantity></item></transaction> 
<transaction isodate="2014-09-02T08:03:04+00:00"><userid>23</userid><transactionid>115</transactionid><item><itemid>70</itemid><profile>7</profile><price>31.20</price><quantity>2</quantity></item></transaction> 
<transaction isodate="2014-09-03T09:57:34+00:00"><userid>40</userid><transactionid>116</transactionid><item><itemid>140</itemid><profile>7</profile><price>12.00</price><quantity>2</quantity></item><item><itemid>142</itemid><profile>7</profile><price>26.52</price><quantity>1</quantity></item></transaction> 
<transaction isodate="2014-09-03T10:04:23+00:00"><userid>40</userid><transactionid>118</transactionid><item><itemid>142</itemid><profile>7</profile><price>26.52</price><quantity>1</quantity></item></transaction> 
<transaction isodate="2014-09-04T07:52:29+00:00"><userid>21</userid><transactionid>119</transactionid><item><itemid>70</itemid><profile>7</profile><price>31.20</price><quantity>1</quantity></item></transaction> 
<transaction isodate="2014-09-04T15:00:24+00:00"><userid>40</userid><transactionid>121</transactionid><item><itemid>135</itemid><profile>7</profile><price>12.00</price><quantity>2</quantity></item></transaction> 
<transaction isodate="2014-09-05T08:21:06+00:00"><userid>40</userid><transactionid>122</transactionid><item><itemid>70</itemid><profile>7</profile><price>31.20</price><quantity>2</quantity></item></transaction> 
<transaction isodate="2014-09-05T08:44:28+00:00"><userid>25</userid><transactionid>113</transactionid><item><itemid>71</itemid><profile>7</profile><price>39.00</price><quantity>1</quantity></item></transaction> 
<transaction isodate="2014-09-05T09:07:30+00:00"><userid>40</userid><transactionid>123</transactionid><item><itemid>70</itemid><profile>7</profile><price>31.20</price><quantity>3</quantity></item></transaction> 
<transaction isodate="2014-09-05T09:17:52+00:00"><userid>40</userid><transactionid>124</transactionid><item><itemid>70</itemid><profile>7</profile><price>31.20</price><quantity>1</quantity></item></transaction> 
<transaction isodate="2014-09-05T14:24:00+00:00"><userid>46</userid><transactionid>126</transactionid><item><itemid>147</itemid><profile>7</profile><price>19.44</price><quantity>2</quantity></item><item><itemid>149</itemid><profile>7</profile><price>38.00</price><quantity>1</quantity></item></transaction> 
<transaction isodate="2014-09-05T14:24:58+00:00"><userid>45</userid><transactionid>127</transactionid><item><itemid>150</itemid><profile>7</profile><price>28.80</price><quantity>2</quantity></item></transaction> 
<transaction isodate="2014-09-05T14:25:50+00:00"><userid>43</userid><transactionid>128</transactionid><item><itemid>151</itemid><profile>7</profile><price>34.68</price><quantity>2</quantity></item></transaction> 
<transaction isodate="2014-09-05T14:26:47+00:00"><userid>44</userid><transactionid>129</transactionid><item><itemid>153</itemid><profile>7</profile><price>34.68</price><quantity>3</quantity></item></transaction> 
<transaction isodate="2014-09-05T14:27:51+00:00"><userid>47</userid><transactionid>130</transactionid><item><itemid>149</itemid><profile>7</profile><price>38.00</price><quantity>2</quantity></item><item><itemid>150</itemid><profile>7</profile><price>28.80</price><quantity>2</quantity></item></transaction> 
<transaction isodate="2014-09-05T14:29:00+00:00"><userid>48</userid><transactionid>131</transactionid><item><itemid>140</itemid><profile>7</profile><price>12.00</price><quantity>1</quantity></item><item><itemid>152</itemid><profile>7</profile><price>33.60</price><quantity>1</quantity></item></transaction> 
<transaction isodate="2014-09-05T15:25:26+00:00"><userid>41</userid><transactionid>134</transactionid><item><itemid>135</itemid><profile>7</profile><price>12.00</price><quantity>1</quantity></item><item><itemid>137</itemid><profile>7</profile><price>22.10</price><quantity>1</quantity></item></transaction> 
<transaction isodate="2014-09-05T15:25:35+00:00"><userid>25</userid><transactionid>133</transactionid><item><itemid>70</itemid><profile>7</profile><price>31.20</price><quantity>2</quantity></item></transaction> 
<transaction isodate="2014-09-08T08:02:14+00:00"><userid>40</userid><transactionid>135</transactionid><item><itemid>150</itemid><profile>7</profile><price>28.80</price><quantity>2</quantity></item></transaction> 
<transaction isodate="2014-09-08T08:16:09+00:00"><userid>40</userid><transactionid>136</transactionid><item><itemid>147</itemid><profile>7</profile><price>19.44</price><quantity>2</quantity></item></transaction> 
<transaction isodate="2014-09-08T08:38:21+00:00"><userid>40</userid><transactionid>137</transactionid><item><itemid>148</itemid><profile>7</profile><price>30.00</price><quantity>1</quantity></item></transaction> 
<transaction isodate="2014-09-08T15:13:28+00:00"><userid>23</userid><transactionid>138</transactionid><item><itemid>158</itemid><profile>7</profile><price>38.07</price><quantity>2</quantity></item></transaction> 
<transaction isodate="2014-09-08T16:05:49+00:00"><userid>23</userid><transactionid>139</transactionid><item><itemid>158</itemid><profile>7</profile><price>38.07</price><quantity>14</quantity></item></transaction> 
<transaction isodate="2014-09-09T07:33:51+00:00"><userid>50</userid><transactionid>140</transactionid><item><itemid>70</itemid><profile>7</profile><price>23.75</price><quantity>1</quantity></item></transaction> 
<transaction isodate="2014-09-09T12:19:05+00:00"><userid>55</userid><transactionid>142</transactionid><item><itemid>149</itemid><profile>7</profile><price>38.00</price><quantity>1</quantity></item></transaction> 
<transaction isodate="2014-09-09T14:05:05+00:00"><userid>55</userid><transactionid>143</transactionid><item><itemid>149</itemid><profile>7</profile><price>38.00</price><quantity>2</quantity></item></transaction> 
<transaction isodate="2014-09-09T14:05:42+00:00"><userid>55</userid><transactionid>144</transactionid><item><itemid>70</itemid><profile>7</profile><price>80.00</price><quantity>2</quantity></item></transaction> 
<transaction isodate="2014-09-09T15:03:36+00:00"><userid>50</userid><transactionid>147</transactionid><item><itemid>70</itemid><profile>7</profile><price>80.00</price><quantity>5</quantity></item></transaction> 
<transaction isodate="2014-09-10T07:45:13+00:00"><userid>55</userid><transactionid>148</transactionid><item><itemid>142</itemid><profile>7</profile><price>26.52</price><quantity>6</quantity></item></transaction> 
<transaction isodate="2014-09-10T08:13:17+00:00"><userid>58</userid><transactionid>150</transactionid><item><itemid>70</itemid><profile>7</profile><price>80.00</price><quantity>1</quantity></item></transaction> 
<transaction isodate="2014-09-10T08:14:13+00:00"><userid>58</userid><transactionid>151</transactionid><item><itemid>70</itemid><profile>7</profile><price>80.00</price><quantity>1</quantity></item></transaction> 
<transaction isodate="2014-09-10T08:18:13+00:00"><userid>58</userid><transactionid>153</transactionid><item><itemid>70</itemid><profile>7</profile><price>80.00</price><quantity>1</quantity></item></transaction> 
<transaction isodate="2014-09-10T08:18:48+00:00"><userid>58</userid><transactionid>154</transactionid><item><itemid>70</itemid><profile>7</profile><price>80.00</price><quantity>1</quantity></item></transaction> 
<transaction isodate="2014-09-10T08:40:56+00:00"><userid>51</userid><transactionid>156</transactionid><item><itemid>70</itemid><profile>7</profile><price>80.00</price><quantity>1</quantity></item></transaction> 
<transaction isodate="2014-09-10T08:47:15+00:00"><userid>54</userid><transactionid>157</transactionid><item><itemid>70</itemid><profile>7</profile><price>80.00</price><quantity>1</quantity></item></transaction> 
<transaction isodate="2014-09-10T08:49:10+00:00"><userid>51</userid><transactionid>158</transactionid><item><itemid>70</itemid><profile>7</profile><price>80.00</price><quantity>1</quantity></item></transaction> 
<transaction isodate="2014-09-10T08:49:38+00:00"><userid>54</userid><transactionid>159</transactionid><item><itemid>70</itemid><profile>7</profile><price>80.00</price><quantity>1</quantity></item></transaction> 
<transaction isodate="2014-09-10T08:50:13+00:00"><userid>55</userid><transactionid>155</transactionid><item><itemid>148</itemid><profile>7</profile><price>30.00</price><quantity>250</quantity></item></transaction> 
<transaction isodate="2014-09-10T08:50:28+00:00"><userid>55</userid><transactionid>149</transactionid><item><itemid>148</itemid><profile>7</profile><price>30.00</price><quantity>49</quantity></item></transaction> 
<transaction isodate="2014-09-10T09:07:11+00:00"><userid>54</userid><transactionid>160</transactionid><item><itemid>70</itemid><profile>7</profile><price>80.00</price><quantity>1</quantity></item></transaction> 
<transaction isodate="2014-09-10T09:08:00+00:00"><userid>56</userid><transactionid>161</transactionid><item><itemid>70</itemid><profile>7</profile><price>80.00</price><quantity>1</quantity></item></transaction> 
<transaction isodate="2014-09-10T09:08:19+00:00"><userid>54</userid><transactionid>162</transactionid><item><itemid>70</itemid><profile>7</profile><price>80.00</price><quantity>1</quantity></item></transaction> 
<transaction isodate="2014-09-10T09:10:06+00:00"><userid>56</userid><transactionid>163</transactionid><item><itemid>70</itemid><profile>7</profile><price>80.00</price><quantity>1</quantity></item></transaction> 
<transaction isodate="2014-09-10T09:11:09+00:00"><userid>56</userid><transactionid>165</transactionid><item><itemid>71</itemid><profile>7</profile><price>39.00</price><quantity>1</quantity></item></transaction> 
<transaction isodate="2014-09-10T09:14:28+00:00"><userid>53</userid><transactionid>166</transactionid><item><itemid>70</itemid><profile>7</profile><price>80.00</price><quantity>1</quantity></item></transaction> 
<transaction isodate="2014-09-10T09:16:26+00:00"><userid>53</userid><transactionid>167</transactionid><item><itemid>70</itemid><profile>7</profile><price>80.00</price><quantity>4</quantity></item></transaction> 
<transaction isodate="2014-09-10T09:52:46+00:00"><userid>23</userid><transactionid>168</transactionid><item><itemid>163</itemid><profile>7</profile><price>33.48</price><quantity>4</quantity></item><item><itemid>165</itemid><profile>7</profile><price>27.59</price><quantity>2</quantity></item></transaction> 
<transaction isodate="2014-09-10T10:05:01+00:00"><userid>23</userid><transactionid>169</transactionid><item><itemid>163</itemid><profile>7</profile><price>33.48</price><quantity>2</quantity></item></transaction> 
<transaction isodate="2014-09-10T11:39:22+00:00"><userid>23</userid><transactionid>170</transactionid><item><itemid>170</itemid><profile>7</profile><price>45.50</price><quantity>2</quantity></item></transaction> 
<transaction isodate="2014-09-10T11:40:10+00:00"><userid>23</userid><transactionid>171</transactionid><item><itemid>143</itemid><profile>7</profile><price>28.92</price><quantity>2</quantity></item><item><itemid>170</itemid><profile>7</profile><price>45.50</price><quantity>1</quantity></item></transaction> 
<transaction isodate="2014-09-10T11:40:56+00:00"><userid>23</userid><transactionid>172</transactionid><item><itemid>170</itemid><profile>7</profile><price>45.50</price><quantity>2</quantity></item><item><itemid>171</itemid><profile>7</profile><price>49.50</price><quantity>1</quantity></item></transaction> 
<transaction isodate="2014-09-10T12:27:10+00:00"><userid>23</userid><transactionid>173</transactionid><item><itemid>165</itemid><profile>7</profile><price>27.59</price><quantity>4</quantity></item><item><itemid>170</itemid><profile>7</profile><price>45.50</price><quantity>2</quantity></item></transaction> 
<transaction isodate="2014-09-10T12:28:40+00:00"><userid>23</userid><transactionid>174</transactionid><item><itemid>171</itemid><profile>7</profile><price>49.50</price><quantity>1</quantity></item></transaction> 
<transaction isodate="2014-09-10T13:00:17+00:00"><userid>60</userid><transactionid>176</transactionid><item><itemid>70</itemid><profile>7</profile><price>80.00</price><quantity>1</quantity></item></transaction> 
<transaction isodate="2014-09-10T13:06:53+00:00"><userid>60</userid><transactionid>178</transactionid><item><itemid>147</itemid><profile>7</profile><price>19.44</price><quantity>1</quantity></item></transaction> 
<transaction isodate="2014-09-10T13:30:15+00:00"><userid>40</userid><transactionid>179</transactionid><item><itemid>147</itemid><profile>7</profile><price>19.44</price><quantity>1</quantity></item></transaction> 
<transaction isodate="2014-09-11T15:28:20+00:00"><userid>66</userid><transactionid>186</transactionid><item><itemid>70</itemid><profile>7</profile><price>23.75</price><quantity>1</quantity></item></transaction> 
<transaction isodate="2014-09-11T15:57:43+00:00"><userid>67</userid><transactionid>187</transactionid><item><itemid>147</itemid><profile>7</profile><price>19.44</price><quantity>1</quantity></item></transaction> 
<transaction isodate="2014-09-12T14:30:42+00:00"><userid>68</userid><transactionid>190</transactionid><item><itemid>147</itemid><profile>7</profile><price>19.44</price><quantity>3</quantity></item><item><itemid>148</itemid><profile>7</profile><price>30.00</price><quantity>12</quantity></item><item><itemid>149</itemid><profile>7</profile><price>38.00</price><quantity>2</quantity></item></transaction> 
<transaction isodate="2014-09-12T14:32:47+00:00"><userid>68</userid><transactionid>191</transactionid><item><itemid>150</itemid><profile>7</profile><price>28.80</price><quantity>1</quantity></item><item><itemid>153</itemid><profile>7</profile><price>34.68</price><quantity>6</quantity></item><item><itemid>158</itemid><profile>7</profile><price>38.07</price><quantity>3</quantity></item></transaction> 
<transaction isodate="2014-09-12T14:33:30+00:00"><userid>68</userid><transactionid>192</transactionid><item><itemid>136</itemid><profile>7</profile><price>24.00</price><quantity>2</quantity></item><item><itemid>137</itemid><profile>7</profile><price>22.10</price><quantity>1</quantity></item></transaction> 
<transaction isodate="2014-09-12T15:22:06+00:00"><userid>25</userid><transactionid>194</transactionid><item><itemid>83</itemid><profile>7</profile><price>31.20</price><quantity>1</quantity></item></transaction> 
<transaction isodate="2014-09-12T15:45:04+00:00"><userid>53</userid><transactionid>195</transactionid><item><itemid>83</itemid><profile>7</profile><price>31.20</price><quantity>40</quantity></item><item><itemid>148</itemid><profile>7</profile><price>30.00</price><quantity>1</quantity></item></transaction> 
<transaction isodate="2014-09-16T16:06:43+00:00"><userid>69</userid><transactionid>198</transactionid><item><itemid>83</itemid><profile>7</profile><price>31.20</price><quantity>1</quantity></item></transaction> 
</transactions>