<?xml version="1.0" encoding="utf-8"?>
<users date="2014-10-14T14:21:21+00:00"> 
 
 
 
 
<user><id>8</id><dobyear>1979</dobyear><gender>male</gender><location>Cr&eacute;teil</location><country>FR</country></user> 
 
 
 
 
<user><id>14</id><gender>female</gender><location>PARIS</location><country>FR</country></user> 
<user><id>16</id><gender>male</gender><location>Cr&eacute;teil</location><country>FR</country></user> 
<user><id>18</id><dobyear>1986</dobyear><gender>female</gender><location>charenton le pont</location><country>FR</country></user> 
<user><id>20</id><dobyear>1976</dobyear><gender>male</gender><location>MONTPELLIER</location><country>FR</country></user> 
<user><id>21</id><gender>female</gender><location>Cr&eacute;teil</location><country>FR</country></user> 
<user><id>22</id><dobyear>1988</dobyear><gender>female</gender></user> 
<user><id>23</id><dobyear>1981</dobyear><gender>male</gender><location>Cr&eacute;teil</location><country>FR</country></user> 
<user><id>25</id><dobyear>1989</dobyear><gender>male</gender><location>MONTPELLIER</location><country>FR</country></user> 
<user><id>29</id><gender>female</gender><location>BOULOGNE BILLANCOURT</location><country>FR</country></user> 
<user><id>30</id><dobyear>1963</dobyear><gender>male</gender><location>PARIS</location><country>FR</country></user> 
<user><id>31</id><dobyear>1980</dobyear><gender>male</gender><location>PARIS</location><country>FR</country></user> 
<user><id>32</id><dobyear>1975</dobyear><gender>male</gender></user> 
<user><id>33</id><dobyear>1961</dobyear><gender>female</gender></user> 
<user><id>34</id><dobyear>1967</dobyear><gender>female</gender><location>PARIS</location><country>FR</country></user> 
<user><id>36</id><dobyear>1985</dobyear><gender>male</gender><location>Castlnau-le-lez</location><country>FR</country></user> 
<user><id>37</id><dobyear>1988</dobyear><gender>male</gender><location>Montpellier</location><country>FR</country></user> 
<user><id>38</id><dobyear>1988</dobyear><gender>male</gender><location>Cr&eacute;teil</location><country>FR</country></user> 
<user><id>41</id><dobyear>1943</dobyear><gender>male</gender><location>zafzaf</location><country>FR</country></user> 
<user><id>42</id><gender>male</gender></user> 
<user><id>43</id><gender>female</gender><location>Evreux</location><country>FR</country></user> 
<user><id>44</id><gender>male</gender><location>Fontaine</location><country>FR</country></user> 
<user><id>45</id><gender>male</gender><location>Paris</location><country>FR</country></user> 
<user><id>46</id><gender>male</gender><location>Paris</location><country>FR</country></user> 
<user><id>47</id><gender>female</gender><location>Deppe</location><country>FR</country></user> 
<user><id>48</id><gender>female</gender><location>Aaccio</location><country>FR</country></user> 
<user><id>49</id><dobyear>1984</dobyear><gender>male</gender><location>Castlnau-le-lez</location><country>FR</country></user> 
<user><id>51</id><dobyear>1980</dobyear><gender>male</gender><location>Castelnau</location><country>FR</country></user> 
<user><id>52</id><dobyear>1986</dobyear><gender>male</gender><location>LILLE</location><country>FR</country></user> 
<user><id>53</id><dobyear>1979</dobyear><gender>male</gender><location>Montpellier</location><country>FR</country></user> 
<user><id>54</id><dobyear>1955</dobyear><gender>male</gender><location>Montpellier</location><country>FR</country></user> 
<user><id>55</id><dobyear>1985</dobyear><gender>male</gender><location>Antibes</location><country>FR</country></user> 
<user><id>56</id><dobyear>1980</dobyear><gender>male</gender><location>Montpellier</location><country>FR</country></user> 
<user><id>57</id><dobyear>1972</dobyear><gender>male</gender><location>PARIS</location><country>FR</country></user> 
<user><id>58</id><dobyear>1979</dobyear><gender>male</gender><location>Castlnau-le-lez</location><country>FR</country></user> 
<user><id>59</id><dobyear>1978</dobyear><gender>male</gender><location>Paris</location><country>FR</country></user> 
<user><id>60</id><dobyear>1996</dobyear><gender>male</gender><location>Ajaccio</location><country>FR</country></user> 
<user><id>61</id><dobyear>1984</dobyear><gender>male</gender><location>BLA</location><country>FR</country></user> 
<user><id>62</id><dobyear>1980</dobyear><gender>male</gender><location>Castlnau-le-lez</location><country>FR</country></user> 
<user><id>63</id><dobyear>1987</dobyear><gender>male</gender><location>Castelnau</location><country>FR</country></user> 
<user><id>66</id><dobyear>1988</dobyear><gender>male</gender><location>Paris</location><country>FR</country></user> 
<user><id>68</id><dobyear>1985</dobyear><gender>female</gender><location>Paris</location><country>FR</country></user> 
<user><id>69</id><dobyear>1902</dobyear><gender>male</gender><location>dddd</location><country>FR</country></user> 
</users>